1,aweepers0,lpaulisch0@1688.com,40000,,,PBKDF2WithHmacSHA256,NULL
2,awinsbury1,fkidgell1@fda.gov,40000,,,PBKDF2WithHmacSHA256,NULL
3,aquincey2,lmccoid2@imgur.com,40000,,,PBKDF2WithHmacSHA256,NULL
4,djeanenet3,mmcbayne3@huffingtonpost.com,40000,,,PBKDF2WithHmacSHA256,NULL
5,vmanske4,otremelling4@nih.gov,40000,,,PBKDF2WithHmacSHA256,NULL
6,mbroose5,crae5@printfriendly.com,40000,,,PBKDF2WithHmacSHA256,NULL
7,wleythley6,ehuchot6@rakuten.co.jp,40000,,,PBKDF2WithHmacSHA256,NULL
8,nrispine7,despinos7@usnews.com,40000,c8cf2fda9b6118e4bea0ab7c0bd6a9fa,ebf2dd46e50a33e53ce314b83eacc4de8ed30334d3442fe156f7be71c485565dcb97ef2878a1f981c25098eb9eb949de4e08c43a7cb68e5a354cea6973136eb0,PBKDF2WithHmacSHA256,50:5C:BC:47:55:2D:1C:64:74:E0:DE:AF:68:C8:E3:CF:65:95:B4:36:BE:EF:E9:3A:1D:A8:AD:94:7E:4B:AB:C9
9,sharner8,arushbrooke8@mlb.com,40000,,,PBKDF2WithHmacSHA256,NULL
10,gballister9,kandrault9@forbes.com,40000,,,PBKDF2WithHmacSHA256,NULL
11,pboschea,zderingtona@scribd.com,40000,,,PBKDF2WithHmacSHA256,NULL
12,jcarnsonb,krablinb@i2i.jp,40000,,,PBKDF2WithHmacSHA256,NULL
13,pgookc,tmoroneyc@google.com.au,40000,,,PBKDF2WithHmacSHA256,NULL
14,lpolendined,mtated@blogspot.com,40000,,,PBKDF2WithHmacSHA256,NULL
15,predforde,ebunneye@mlb.com,40000,,,PBKDF2WithHmacSHA256,NULL
16,tgabrielif,helnoughf@gravatar.com,40000,,,PBKDF2WithHmacSHA256,NULL
17,kwearng,kwallworkeg@paypal.com,40000,,,PBKDF2WithHmacSHA256,NULL
18,ngunthorph,dcoppinh@fc2.com,40000,,,PBKDF2WithHmacSHA256,NULL
19,etestini,cfeatherstonhaughi@boston.com,40000,,,PBKDF2WithHmacSHA256,NULL
20,sesherwoodj,bpalaj@biblegateway.com,40000,,,PBKDF2WithHmacSHA256,NULL
21,mfurzerk,elosseljongk@yahoo.com,40000,,,PBKDF2WithHmacSHA256,NULL
22,zpalffreyl,rallinl@huffingtonpost.com,40000,,,PBKDF2WithHmacSHA256,NULL
23,kdriffieldm,jdevalm@macromedia.com,40000,,,PBKDF2WithHmacSHA256,NULL
24,asaylorn,vflockhartn@is.gd,40000,,,PBKDF2WithHmacSHA256,NULL
25,sedbrookeo,jaskieo@mashable.com,40000,,,PBKDF2WithHmacSHA256,NULL
26,eclotworthyp,mwalderp@dion.ne.jp,40000,,,PBKDF2WithHmacSHA256,NULL
27,ckoppeckq,dcorainq@state.gov,40000,,,PBKDF2WithHmacSHA256,NULL
28,owalfordr,aschubbertr@microsoft.com,40000,,,PBKDF2WithHmacSHA256,NULL
29,gvails,rsheppeys@ovh.net,40000,,,PBKDF2WithHmacSHA256,NULL
30,btschierscht,sboheyt@baidu.com,40000,,,PBKDF2WithHmacSHA256,NULL
31,gtiddyu,kcroneu@dot.gov,40000,,,PBKDF2WithHmacSHA256,NULL
32,dkrolakv,cpenrittv@techcrunch.com,40000,,,PBKDF2WithHmacSHA256,NULL
33,hcastanedaw,ggantw@smugmug.com,40000,,,PBKDF2WithHmacSHA256,NULL
34,efippx,uheynelx@cocolog-nifty.com,40000,,,PBKDF2WithHmacSHA256,NULL
35,vmccarrolly,dfinlatory@stanford.edu,40000,,,PBKDF2WithHmacSHA256,NULL
36,alynnittz,sbaumannz@mozilla.org,40000,,,PBKDF2WithHmacSHA256,NULL
37,eseyers10,jchevalier10@google.com.hk,40000,,,PBKDF2WithHmacSHA256,NULL
38,rcreser11,mwebby11@bbb.org,40000,,,PBKDF2WithHmacSHA256,NULL
39,lwerendell12,klambin12@dailymotion.com,40000,,,PBKDF2WithHmacSHA256,NULL
40,gsealand13,eruane13@blog.com,40000,,,PBKDF2WithHmacSHA256,NULL
41,astirman14,zmacoun14@t.co,40000,,,PBKDF2WithHmacSHA256,NULL
42,cokynsillaghe15,mcorteis15@opensource.org,40000,,,PBKDF2WithHmacSHA256,NULL
43,smepham16,lbunn16@businesswire.com,40000,,,PBKDF2WithHmacSHA256,NULL
44,ebaistow17,smckennan17@ft.com,40000,,,PBKDF2WithHmacSHA256,NULL
45,cbermingham18,gbarcroft18@51.la,40000,,,PBKDF2WithHmacSHA256,NULL
46,mgellett19,jpilmer19@adobe.com,40000,,,PBKDF2WithHmacSHA256,NULL
47,gbeldom1a,mleither1a@hubpages.com,40000,,,PBKDF2WithHmacSHA256,NULL
48,cjuanico1b,dwigzell1b@rediff.com,40000,,,PBKDF2WithHmacSHA256,NULL
49,ahasling1c,dtilby1c@tinypic.com,40000,,,PBKDF2WithHmacSHA256,NULL
50,yoconor1d,hcollett1d@oaic.gov.au,40000,,,PBKDF2WithHmacSHA256,NULL
51,dwenden1e,kricardet1e@mapquest.com,40000,,,PBKDF2WithHmacSHA256,NULL
52,cwanell1f,tpawelski1f@e-recht24.de,40000,,,PBKDF2WithHmacSHA256,NULL
53,ateague1g,tbareham1g@wikipedia.org,40000,,,PBKDF2WithHmacSHA256,NULL
54,dgouinlock1h,mkenewell1h@freewebs.com,40000,,,PBKDF2WithHmacSHA256,NULL
55,mwratten1i,mtompkins1i@sfgate.com,40000,,,PBKDF2WithHmacSHA256,NULL
56,klowther1j,mmarcone1j@sitemeter.com,40000,,,PBKDF2WithHmacSHA256,NULL
57,lpeniman1k,atrillow1k@alibaba.com,40000,,,PBKDF2WithHmacSHA256,NULL
58,oferney1l,tpattemore1l@state.tx.us,40000,,,PBKDF2WithHmacSHA256,NULL
59,ybonhome1m,mpage1m@squidoo.com,40000,,,PBKDF2WithHmacSHA256,NULL
60,flawlan1n,gdobbs1n@narod.ru,40000,,,PBKDF2WithHmacSHA256,NULL
61,ewalker1o,tvarren1o@columbia.edu,40000,,,PBKDF2WithHmacSHA256,NULL
62,dlukovic1p,scolquyte1p@wordpress.org,40000,,,PBKDF2WithHmacSHA256,NULL
63,ctremblet1q,nlavers1q@biblegateway.com,40000,,,PBKDF2WithHmacSHA256,NULL
64,vchstney1r,ladanet1r@howstuffworks.com,40000,,,PBKDF2WithHmacSHA256,NULL
65,kvideneev1s,jwattam1s@indiatimes.com,40000,,,PBKDF2WithHmacSHA256,NULL
66,dreyson1t,ablundin1t@bravesites.com,40000,,,PBKDF2WithHmacSHA256,NULL
67,jmendes1u,rbeushaw1u@mit.edu,40000,,,PBKDF2WithHmacSHA256,NULL
68,dtopping1v,gfagan1v@php.net,40000,,,PBKDF2WithHmacSHA256,NULL
69,gitzak1w,cmackonochie1w@baidu.com,40000,,,PBKDF2WithHmacSHA256,NULL
70,rtwelve1x,egeipel1x@virginia.edu,40000,,,PBKDF2WithHmacSHA256,NULL
71,ascotson1y,mmidgely1y@census.gov,40000,,,PBKDF2WithHmacSHA256,NULL
72,kbrunger1z,ppaolicchi1z@drupal.org,40000,,,PBKDF2WithHmacSHA256,NULL
73,rbenninck20,tbridgstock20@myspace.com,40000,,,PBKDF2WithHmacSHA256,NULL
74,mbrame21,jashling21@pen.io,40000,,,PBKDF2WithHmacSHA256,NULL
75,ksywell22,crawling22@amazonaws.com,40000,,,PBKDF2WithHmacSHA256,NULL
76,fbiaggi23,haspinal23@booking.com,40000,,,PBKDF2WithHmacSHA256,NULL
77,echessun24,chunston24@vimeo.com,40000,,,PBKDF2WithHmacSHA256,NULL
78,smassie25,heschalotte25@elegantthemes.com,40000,,,PBKDF2WithHmacSHA256,NULL
79,bkennea26,kgerriets26@virginia.edu,40000,,,PBKDF2WithHmacSHA256,NULL
80,tchalles27,cionnidis27@soundcloud.com,40000,,,PBKDF2WithHmacSHA256,NULL
81,jhammerberger28,ndenkin28@vistaprint.com,40000,,,PBKDF2WithHmacSHA256,NULL
82,whalwill29,bbarnet29@de.vu,40000,,,PBKDF2WithHmacSHA256,NULL
83,psamber2a,acaney2a@amazon.co.jp,40000,,,PBKDF2WithHmacSHA256,NULL
84,lgerring2b,pbraidon2b@indiegogo.com,40000,,,PBKDF2WithHmacSHA256,NULL
85,oacarson2c,vbinnion2c@instagram.com,40000,,,PBKDF2WithHmacSHA256,NULL
86,nduckers2d,cbaldocci2d@cyberchimps.com,40000,,,PBKDF2WithHmacSHA256,NULL
87,ohanscome2e,tvigus2e@vk.com,40000,,,PBKDF2WithHmacSHA256,NULL
88,slogesdale2f,abenns2f@amazonaws.com,40000,,,PBKDF2WithHmacSHA256,NULL
89,hcooney2g,bnealand2g@webnode.com,40000,,,PBKDF2WithHmacSHA256,NULL
90,ddear2h,rnaisbitt2h@auda.org.au,40000,,,PBKDF2WithHmacSHA256,NULL
91,lpettus2i,cbarff2i@google.es,40000,,,PBKDF2WithHmacSHA256,NULL
92,cwheowall2j,ufarnon2j@printfriendly.com,40000,,,PBKDF2WithHmacSHA256,NULL
93,dszymon2k,pdurnin2k@mapquest.com,40000,,,PBKDF2WithHmacSHA256,NULL
94,cboles2l,cthorndycraft2l@cnet.com,40000,,,PBKDF2WithHmacSHA256,NULL
95,kmaron2m,fbrech2m@hc360.com,40000,,,PBKDF2WithHmacSHA256,NULL
96,mdaughtrey2n,velldred2n@unc.edu,40000,,,PBKDF2WithHmacSHA256,NULL
97,fbrimblecomb2o,mchurching2o@bizjournals.com,40000,,,PBKDF2WithHmacSHA256,NULL
98,mgrunwall2p,lfullicks2p@imageshack.us,40000,,,PBKDF2WithHmacSHA256,NULL
99,newClientB,newClientB@email.com,40000,2937782182052f7176530f671d84a690,df8f5f3f0b01a23ad9483cb244c0bbbe1d4bacf0aa71fd87bb58c177dfca62435cce96ffc739864627bda4f6e5813ea6fe4ca00e8d67a99fe8b769ed23f28e46,PBKDF2WithHmacSHA256,A8:8D:4D:25:12:7A:2E:D5:0C:23:90:47:6E:10:72:18:AB:0D:61:AB:44:28:A4:F8:DB:15:6D:35:5D:75:1C:5D
100,newClientA,newClientA@email.com,40000,36c80f077d8d8d583c727d59e6e02f25,8954fcadf817a5210ff93fc6a3edac64ffccabc72fa6bc82ecb390b246577da6262ac68dce41fe81f3fbf68c4dc6417f2402315f82e8d5603a64978ede92e3f5,PBKDF2WithHmacSHA256,A0:CE:9C:64:2F:C9:EB:BA:7A:A3:4B:EA:62:4E:DE:A8:6E:2A:52:8B:BA:4A:50:6D:E4:44:83:9A:5D:2D:AD:CD
101,beatya4,asbeaty@uh.edu,40000,e0a69b1d4d5bac1f1c4fd535253b01e9,0f846ec9b2841dd40a79dbe49ecb23cd23b2aff48f9bed3464ec8088414c31e05a403fc14bb27e2ed38eca47d5a69bf95e50520662b166002d0b65928667d527,PBKDF2WithHmacSHA256,7F:30:E9:84:F3:09:F6:6A:0F:B4:27:3A:6C:30:09:15:10:3D:7A:D0:82:7D:2C:2D:81:97:0F:74:D6:33:D8:91
